difference,difference_memory,element1,element2,period,position1,position2
-1,0,agent-0,agent-1,1,2,1
3,0,agent-0,agent-1,2,1,4
2,0,agent-0,agent-1,3,1,3
4,0,agent-0,agent-1,4,1,5
3,0,agent-0,agent-1,5,1,4
4,0,agent-0,agent-1,6,1,5
3,0,agent-0,agent-1,7,1,4
3,0,agent-0,agent-1,8,1,4
2,0,agent-0,agent-1,9,1,3
2,0,agent-0,agent-1,10,1,3
3,0,agent-0,agent-1,11,1,4
3,0,agent-0,agent-1,12,1,4
3,0,agent-0,agent-1,13,1,4
3,0,agent-0,agent-1,14,1,4
4,0,agent-0,agent-1,15,1,5
3,0,agent-0,agent-1,16,1,4
3,0,agent-0,agent-1,17,1,4
3,0,agent-0,agent-1,18,1,4
3,0,agent-0,agent-1,19,1,4
3,0,agent-0,agent-1,20,1,4
4,0,agent-0,agent-1,21,1,5
4,0,agent-0,agent-1,22,1,5
4,0,agent-0,agent-1,23,1,5
3,0,agent-0,agent-1,24,1,4
3,0,agent-0,agent-1,25,1,4
4,0,agent-0,agent-1,26,1,5
4,0,agent-0,agent-1,27,1,5
4,0,agent-0,agent-1,28,1,5
4,0,agent-0,agent-1,29,1,5
4,0,agent-0,agent-1,30,1,5
4,0,agent-0,agent-1,31,1,5
4,0,agent-0,agent-1,32,1,5
4,0,agent-0,agent-1,33,1,5
4,0,agent-0,agent-1,34,1,5
4,0,agent-0,agent-1,35,1,5
4,0,agent-0,agent-1,36,1,5
4,0,agent-0,agent-1,37,1,5
4,0,agent-0,agent-1,38,1,5
4,0,agent-0,agent-1,39,1,5
3,0,agent-0,agent-1,40,1,4
3,0,agent-0,agent-1,41,1,4
3,0,agent-0,agent-1,42,1,4
4,0,agent-0,agent-1,43,1,5
4,0,agent-0,agent-1,44,1,5
4,0,agent-0,agent-1,45,1,5
4,0,agent-0,agent-1,46,1,5
4,0,agent-0,agent-1,47,1,5
4,0,agent-0,agent-1,48,1,5
3,0,agent-0,agent-1,49,1,4
3,0,agent-0,agent-2,1,2,5
1,0,agent-0,agent-2,2,1,2
3,0,agent-0,agent-2,3,1,4
3,0,agent-0,agent-2,4,1,4
1,0,agent-0,agent-2,5,1,2
2,0,agent-0,agent-2,6,1,3
4,0,agent-0,agent-2,7,1,5
4,0,agent-0,agent-2,8,1,5
1,0,agent-0,agent-2,9,1,2
3,0,agent-0,agent-2,10,1,4
2,0,agent-0,agent-2,11,1,3
2,0,agent-0,agent-2,12,1,3
4,0,agent-0,agent-2,13,1,5
2,0,agent-0,agent-2,14,1,3
2,0,agent-0,agent-2,15,1,3
2,0,agent-0,agent-2,16,1,3
2,0,agent-0,agent-2,17,1,3
2,0,agent-0,agent-2,18,1,3
2,0,agent-0,agent-2,19,1,3
2,0,agent-0,agent-2,20,1,3
2,0,agent-0,agent-2,21,1,3
2,0,agent-0,agent-2,22,1,3
2,0,agent-0,agent-2,23,1,3
2,0,agent-0,agent-2,24,1,3
1,0,agent-0,agent-2,25,1,2
2,0,agent-0,agent-2,26,1,3
3,0,agent-0,agent-2,27,1,4
2,0,agent-0,agent-2,28,1,3
2,0,agent-0,agent-2,29,1,3
2,0,agent-0,agent-2,30,1,3
1,0,agent-0,agent-2,31,1,2
3,0,agent-0,agent-2,32,1,4
2,0,agent-0,agent-2,33,1,3
2,0,agent-0,agent-2,34,1,3
2,0,agent-0,agent-2,35,1,3
2,0,agent-0,agent-2,36,1,3
1,0,agent-0,agent-2,37,1,2
2,0,agent-0,agent-2,38,1,3
2,0,agent-0,agent-2,39,1,3
2,0,agent-0,agent-2,40,1,3
2,0,agent-0,agent-2,41,1,3
2,0,agent-0,agent-2,42,1,3
2,0,agent-0,agent-2,43,1,3
2,0,agent-0,agent-2,44,1,3
2,0,agent-0,agent-2,45,1,3
1,0,agent-0,agent-2,46,1,2
1,0,agent-0,agent-2,47,1,2
2,0,agent-0,agent-2,48,1,3
2,0,agent-0,agent-2,49,1,3
2,0,agent-0,agent-3,1,2,4
2,0,agent-0,agent-3,2,1,3
4,0,agent-0,agent-3,3,1,5
2,0,agent-0,agent-3,4,1,3
2,0,agent-0,agent-3,5,1,3
1,0,agent-0,agent-3,6,1,2
1,0,agent-0,agent-3,7,1,2
1,0,agent-0,agent-3,8,1,2
4,0,agent-0,agent-3,9,1,5
1,0,agent-0,agent-3,10,1,2
1,0,agent-0,agent-3,11,1,2
1,0,agent-0,agent-3,12,1,2
1,0,agent-0,agent-3,13,1,2
1,0,agent-0,agent-3,14,1,2
1,0,agent-0,agent-3,15,1,2
1,0,agent-0,agent-3,16,1,2
1,0,agent-0,agent-3,17,1,2
1,0,agent-0,agent-3,18,1,2
1,0,agent-0,agent-3,19,1,2
1,0,agent-0,agent-3,20,1,2
1,0,agent-0,agent-3,21,1,2
1,0,agent-0,agent-3,22,1,2
1,0,agent-0,agent-3,23,1,2
1,0,agent-0,agent-3,24,1,2
2,0,agent-0,agent-3,25,1,3
1,0,agent-0,agent-3,26,1,2
1,0,agent-0,agent-3,27,1,2
1,0,agent-0,agent-3,28,1,2
1,0,agent-0,agent-3,29,1,2
1,0,agent-0,agent-3,30,1,2
2,0,agent-0,agent-3,31,1,3
1,0,agent-0,agent-3,32,1,2
1,0,agent-0,agent-3,33,1,2
1,0,agent-0,agent-3,34,1,2
1,0,agent-0,agent-3,35,1,2
1,0,agent-0,agent-3,36,1,2
2,0,agent-0,agent-3,37,1,3
1,0,agent-0,agent-3,38,1,2
1,0,agent-0,agent-3,39,1,2
1,0,agent-0,agent-3,40,1,2
1,0,agent-0,agent-3,41,1,2
1,0,agent-0,agent-3,42,1,2
1,0,agent-0,agent-3,43,1,2
1,0,agent-0,agent-3,44,1,2
1,0,agent-0,agent-3,45,1,2
2,0,agent-0,agent-3,46,1,3
2,0,agent-0,agent-3,47,1,3
1,0,agent-0,agent-3,48,1,2
1,0,agent-0,agent-3,49,1,2
1,0,agent-0,agent-4,1,2,3
4,0,agent-0,agent-4,2,1,5
1,0,agent-0,agent-4,3,1,2
1,0,agent-0,agent-4,4,1,2
4,0,agent-0,agent-4,5,1,5
3,0,agent-0,agent-4,6,1,4
2,0,agent-0,agent-4,7,1,3
2,0,agent-0,agent-4,8,1,3
3,0,agent-0,agent-4,9,1,4
4,0,agent-0,agent-4,10,1,5
4,0,agent-0,agent-4,11,1,5
4,0,agent-0,agent-4,12,1,5
2,0,agent-0,agent-4,13,1,3
4,0,agent-0,agent-4,14,1,5
3,0,agent-0,agent-4,15,1,4
4,0,agent-0,agent-4,16,1,5
4,0,agent-0,agent-4,17,1,5
4,0,agent-0,agent-4,18,1,5
4,0,agent-0,agent-4,19,1,5
4,0,agent-0,agent-4,20,1,5
3,0,agent-0,agent-4,21,1,4
3,0,agent-0,agent-4,22,1,4
3,0,agent-0,agent-4,23,1,4
4,0,agent-0,agent-4,24,1,5
4,0,agent-0,agent-4,25,1,5
3,0,agent-0,agent-4,26,1,4
2,0,agent-0,agent-4,27,1,3
3,0,agent-0,agent-4,28,1,4
3,0,agent-0,agent-4,29,1,4
3,0,agent-0,agent-4,30,1,4
3,0,agent-0,agent-4,31,1,4
2,0,agent-0,agent-4,32,1,3
3,0,agent-0,agent-4,33,1,4
3,0,agent-0,agent-4,34,1,4
3,0,agent-0,agent-4,35,1,4
3,0,agent-0,agent-4,36,1,4
3,0,agent-0,agent-4,37,1,4
3,0,agent-0,agent-4,38,1,4
3,0,agent-0,agent-4,39,1,4
4,0,agent-0,agent-4,40,1,5
4,0,agent-0,agent-4,41,1,5
4,0,agent-0,agent-4,42,1,5
3,0,agent-0,agent-4,43,1,4
3,0,agent-0,agent-4,44,1,4
3,0,agent-0,agent-4,45,1,4
3,0,agent-0,agent-4,46,1,4
3,0,agent-0,agent-4,47,1,4
3,0,agent-0,agent-4,48,1,4
4,0,agent-0,agent-4,49,1,5
1,0,agent-1,agent-0,1,1,2
-3,0,agent-1,agent-0,2,4,1
-2,0,agent-1,agent-0,3,3,1
-4,0,agent-1,agent-0,4,5,1
-3,0,agent-1,agent-0,5,4,1
-4,0,agent-1,agent-0,6,5,1
-3,0,agent-1,agent-0,7,4,1
-3,0,agent-1,agent-0,8,4,1
-2,0,agent-1,agent-0,9,3,1
-2,0,agent-1,agent-0,10,3,1
-3,0,agent-1,agent-0,11,4,1
-3,0,agent-1,agent-0,12,4,1
-3,0,agent-1,agent-0,13,4,1
-3,0,agent-1,agent-0,14,4,1
-4,0,agent-1,agent-0,15,5,1
-3,0,agent-1,agent-0,16,4,1
-3,0,agent-1,agent-0,17,4,1
-3,0,agent-1,agent-0,18,4,1
-3,0,agent-1,agent-0,19,4,1
-3,0,agent-1,agent-0,20,4,1
-4,0,agent-1,agent-0,21,5,1
-4,0,agent-1,agent-0,22,5,1
-4,0,agent-1,agent-0,23,5,1
-3,0,agent-1,agent-0,24,4,1
-3,0,agent-1,agent-0,25,4,1
-4,0,agent-1,agent-0,26,5,1
-4,0,agent-1,agent-0,27,5,1
-4,0,agent-1,agent-0,28,5,1
-4,0,agent-1,agent-0,29,5,1
-4,0,agent-1,agent-0,30,5,1
-4,0,agent-1,agent-0,31,5,1
-4,0,agent-1,agent-0,32,5,1
-4,0,agent-1,agent-0,33,5,1
-4,0,agent-1,agent-0,34,5,1
-4,0,agent-1,agent-0,35,5,1
-4,0,agent-1,agent-0,36,5,1
-4,0,agent-1,agent-0,37,5,1
-4,0,agent-1,agent-0,38,5,1
-4,0,agent-1,agent-0,39,5,1
-3,0,agent-1,agent-0,40,4,1
-3,0,agent-1,agent-0,41,4,1
-3,0,agent-1,agent-0,42,4,1
-4,0,agent-1,agent-0,43,5,1
-4,0,agent-1,agent-0,44,5,1
-4,0,agent-1,agent-0,45,5,1
-4,0,agent-1,agent-0,46,5,1
-4,0,agent-1,agent-0,47,5,1
-4,0,agent-1,agent-0,48,5,1
-3,0,agent-1,agent-0,49,4,1
4,0,agent-1,agent-2,1,1,5
-2,0,agent-1,agent-2,2,4,2
1,0,agent-1,agent-2,3,3,4
-1,0,agent-1,agent-2,4,5,4
-2,0,agent-1,agent-2,5,4,2
-2,0,agent-1,agent-2,6,5,3
1,0,agent-1,agent-2,7,4,5
1,0,agent-1,agent-2,8,4,5
-1,0,agent-1,agent-2,9,3,2
1,0,agent-1,agent-2,10,3,4
-1,0,agent-1,agent-2,11,4,3
-1,0,agent-1,agent-2,12,4,3
1,0,agent-1,agent-2,13,4,5
-1,0,agent-1,agent-2,14,4,3
-2,0,agent-1,agent-2,15,5,3
-1,0,agent-1,agent-2,16,4,3
-1,0,agent-1,agent-2,17,4,3
-1,0,agent-1,agent-2,18,4,3
-1,0,agent-1,agent-2,19,4,3
-1,0,agent-1,agent-2,20,4,3
-2,0,agent-1,agent-2,21,5,3
-2,0,agent-1,agent-2,22,5,3
-2,0,agent-1,agent-2,23,5,3
-1,0,agent-1,agent-2,24,4,3
-2,0,agent-1,agent-2,25,4,2
-2,0,agent-1,agent-2,26,5,3
-1,0,agent-1,agent-2,27,5,4
-2,0,agent-1,agent-2,28,5,3
-2,0,agent-1,agent-2,29,5,3
-2,0,agent-1,agent-2,30,5,3
-3,0,agent-1,agent-2,31,5,2
-1,0,agent-1,agent-2,32,5,4
-2,0,agent-1,agent-2,33,5,3
-2,0,agent-1,agent-2,34,5,3
-2,0,agent-1,agent-2,35,5,3
-2,0,agent-1,agent-2,36,5,3
-3,0,agent-1,agent-2,37,5,2
-2,0,agent-1,agent-2,38,5,3
-2,0,agent-1,agent-2,39,5,3
-1,0,agent-1,agent-2,40,4,3
-1,0,agent-1,agent-2,41,4,3
-1,0,agent-1,agent-2,42,4,3
-2,0,agent-1,agent-2,43,5,3
-2,0,agent-1,agent-2,44,5,3
-2,0,agent-1,agent-2,45,5,3
-3,0,agent-1,agent-2,46,5,2
-3,0,agent-1,agent-2,47,5,2
-2,0,agent-1,agent-2,48,5,3
-1,0,agent-1,agent-2,49,4,3
3,0,agent-1,agent-3,1,1,4
-1,0,agent-1,agent-3,2,4,3
2,0,agent-1,agent-3,3,3,5
-2,0,agent-1,agent-3,4,5,3
-1,0,agent-1,agent-3,5,4,3
-3,0,agent-1,agent-3,6,5,2
-2,0,agent-1,agent-3,7,4,2
-2,0,agent-1,agent-3,8,4,2
2,0,agent-1,agent-3,9,3,5
-1,0,agent-1,agent-3,10,3,2
-2,0,agent-1,agent-3,11,4,2
-2,0,agent-1,agent-3,12,4,2
-2,0,agent-1,agent-3,13,4,2
-2,0,agent-1,agent-3,14,4,2
-3,0,agent-1,agent-3,15,5,2
-2,0,agent-1,agent-3,16,4,2
-2,0,agent-1,agent-3,17,4,2
-2,0,agent-1,agent-3,18,4,2
-2,0,agent-1,agent-3,19,4,2
-2,0,agent-1,agent-3,20,4,2
-3,0,agent-1,agent-3,21,5,2
-3,0,agent-1,agent-3,22,5,2
-3,0,agent-1,agent-3,23,5,2
-2,0,agent-1,agent-3,24,4,2
-1,0,agent-1,agent-3,25,4,3
-3,0,agent-1,agent-3,26,5,2
-3,0,agent-1,agent-3,27,5,2
-3,0,agent-1,agent-3,28,5,2
-3,0,agent-1,agent-3,29,5,2
-3,0,agent-1,agent-3,30,5,2
-2,0,agent-1,agent-3,31,5,3
-3,0,agent-1,agent-3,32,5,2
-3,0,agent-1,agent-3,33,5,2
-3,0,agent-1,agent-3,34,5,2
-3,0,agent-1,agent-3,35,5,2
-3,0,agent-1,agent-3,36,5,2
-2,0,agent-1,agent-3,37,5,3
-3,0,agent-1,agent-3,38,5,2
-3,0,agent-1,agent-3,39,5,2
-2,0,agent-1,agent-3,40,4,2
-2,0,agent-1,agent-3,41,4,2
-2,0,agent-1,agent-3,42,4,2
-3,0,agent-1,agent-3,43,5,2
-3,0,agent-1,agent-3,44,5,2
-3,0,agent-1,agent-3,45,5,2
-2,0,agent-1,agent-3,46,5,3
-2,0,agent-1,agent-3,47,5,3
-3,0,agent-1,agent-3,48,5,2
-2,0,agent-1,agent-3,49,4,2
2,0,agent-1,agent-4,1,1,3
1,0,agent-1,agent-4,2,4,5
-1,0,agent-1,agent-4,3,3,2
-3,0,agent-1,agent-4,4,5,2
1,0,agent-1,agent-4,5,4,5
-1,0,agent-1,agent-4,6,5,4
-1,0,agent-1,agent-4,7,4,3
-1,0,agent-1,agent-4,8,4,3
1,0,agent-1,agent-4,9,3,4
2,0,agent-1,agent-4,10,3,5
1,0,agent-1,agent-4,11,4,5
1,0,agent-1,agent-4,12,4,5
-1,0,agent-1,agent-4,13,4,3
1,0,agent-1,agent-4,14,4,5
-1,0,agent-1,agent-4,15,5,4
1,0,agent-1,agent-4,16,4,5
1,0,agent-1,agent-4,17,4,5
1,0,agent-1,agent-4,18,4,5
1,0,agent-1,agent-4,19,4,5
1,0,agent-1,agent-4,20,4,5
-1,0,agent-1,agent-4,21,5,4
-1,0,agent-1,agent-4,22,5,4
-1,0,agent-1,agent-4,23,5,4
1,0,agent-1,agent-4,24,4,5
1,0,agent-1,agent-4,25,4,5
-1,0,agent-1,agent-4,26,5,4
-2,0,agent-1,agent-4,27,5,3
-1,0,agent-1,agent-4,28,5,4
-1,0,agent-1,agent-4,29,5,4
-1,0,agent-1,agent-4,30,5,4
-1,0,agent-1,agent-4,31,5,4
-2,0,agent-1,agent-4,32,5,3
-1,0,agent-1,agent-4,33,5,4
-1,0,agent-1,agent-4,34,5,4
-1,0,agent-1,agent-4,35,5,4
-1,0,agent-1,agent-4,36,5,4
-1,0,agent-1,agent-4,37,5,4
-1,0,agent-1,agent-4,38,5,4
-1,0,agent-1,agent-4,39,5,4
1,0,agent-1,agent-4,40,4,5
1,0,agent-1,agent-4,41,4,5
1,0,agent-1,agent-4,42,4,5
-1,0,agent-1,agent-4,43,5,4
-1,0,agent-1,agent-4,44,5,4
-1,0,agent-1,agent-4,45,5,4
-1,0,agent-1,agent-4,46,5,4
-1,0,agent-1,agent-4,47,5,4
-1,0,agent-1,agent-4,48,5,4
1,0,agent-1,agent-4,49,4,5
-3,0,agent-2,agent-0,1,5,2
-1,0,agent-2,agent-0,2,2,1
-3,0,agent-2,agent-0,3,4,1
-3,0,agent-2,agent-0,4,4,1
-1,0,agent-2,agent-0,5,2,1
-2,0,agent-2,agent-0,6,3,1
-4,0,agent-2,agent-0,7,5,1
-4,0,agent-2,agent-0,8,5,1
-1,0,agent-2,agent-0,9,2,1
-3,0,agent-2,agent-0,10,4,1
-2,0,agent-2,agent-0,11,3,1
-2,0,agent-2,agent-0,12,3,1
-4,0,agent-2,agent-0,13,5,1
-2,0,agent-2,agent-0,14,3,1
-2,0,agent-2,agent-0,15,3,1
-2,0,agent-2,agent-0,16,3,1
-2,0,agent-2,agent-0,17,3,1
-2,0,agent-2,agent-0,18,3,1
-2,0,agent-2,agent-0,19,3,1
-2,0,agent-2,agent-0,20,3,1
-2,0,agent-2,agent-0,21,3,1
-2,0,agent-2,agent-0,22,3,1
-2,0,agent-2,agent-0,23,3,1
-2,0,agent-2,agent-0,24,3,1
-1,0,agent-2,agent-0,25,2,1
-2,0,agent-2,agent-0,26,3,1
-3,0,agent-2,agent-0,27,4,1
-2,0,agent-2,agent-0,28,3,1
-2,0,agent-2,agent-0,29,3,1
-2,0,agent-2,agent-0,30,3,1
-1,0,agent-2,agent-0,31,2,1
-3,0,agent-2,agent-0,32,4,1
-2,0,agent-2,agent-0,33,3,1
-2,0,agent-2,agent-0,34,3,1
-2,0,agent-2,agent-0,35,3,1
-2,0,agent-2,agent-0,36,3,1
-1,0,agent-2,agent-0,37,2,1
-2,0,agent-2,agent-0,38,3,1
-2,0,agent-2,agent-0,39,3,1
-2,0,agent-2,agent-0,40,3,1
-2,0,agent-2,agent-0,41,3,1
-2,0,agent-2,agent-0,42,3,1
-2,0,agent-2,agent-0,43,3,1
-2,0,agent-2,agent-0,44,3,1
-2,0,agent-2,agent-0,45,3,1
-1,0,agent-2,agent-0,46,2,1
-1,0,agent-2,agent-0,47,2,1
-2,0,agent-2,agent-0,48,3,1
-2,0,agent-2,agent-0,49,3,1
-4,0,agent-2,agent-1,1,5,1
2,0,agent-2,agent-1,2,2,4
-1,0,agent-2,agent-1,3,4,3
1,0,agent-2,agent-1,4,4,5
2,0,agent-2,agent-1,5,2,4
2,0,agent-2,agent-1,6,3,5
-1,0,agent-2,agent-1,7,5,4
-1,0,agent-2,agent-1,8,5,4
1,0,agent-2,agent-1,9,2,3
-1,0,agent-2,agent-1,10,4,3
1,0,agent-2,agent-1,11,3,4
1,0,agent-2,agent-1,12,3,4
-1,0,agent-2,agent-1,13,5,4
1,0,agent-2,agent-1,14,3,4
2,0,agent-2,agent-1,15,3,5
1,0,agent-2,agent-1,16,3,4
1,0,agent-2,agent-1,17,3,4
1,0,agent-2,agent-1,18,3,4
1,0,agent-2,agent-1,19,3,4
1,0,agent-2,agent-1,20,3,4
2,0,agent-2,agent-1,21,3,5
2,0,agent-2,agent-1,22,3,5
2,0,agent-2,agent-1,23,3,5
1,0,agent-2,agent-1,24,3,4
2,0,agent-2,agent-1,25,2,4
2,0,agent-2,agent-1,26,3,5
1,0,agent-2,agent-1,27,4,5
2,0,agent-2,agent-1,28,3,5
2,0,agent-2,agent-1,29,3,5
2,0,agent-2,agent-1,30,3,5
3,0,agent-2,agent-1,31,2,5
1,0,agent-2,agent-1,32,4,5
2,0,agent-2,agent-1,33,3,5
2,0,agent-2,agent-1,34,3,5
2,0,agent-2,agent-1,35,3,5
2,0,agent-2,agent-1,36,3,5
3,0,agent-2,agent-1,37,2,5
2,0,agent-2,agent-1,38,3,5
2,0,agent-2,agent-1,39,3,5
1,0,agent-2,agent-1,40,3,4
1,0,agent-2,agent-1,41,3,4
1,0,agent-2,agent-1,42,3,4
2,0,agent-2,agent-1,43,3,5
2,0,agent-2,agent-1,44,3,5
2,0,agent-2,agent-1,45,3,5
3,0,agent-2,agent-1,46,2,5
3,0,agent-2,agent-1,47,2,5
2,0,agent-2,agent-1,48,3,5
1,0,agent-2,agent-1,49,3,4
-1,0,agent-2,agent-3,1,5,4
1,0,agent-2,agent-3,2,2,3
1,0,agent-2,agent-3,3,4,5
-1,0,agent-2,agent-3,4,4,3
1,0,agent-2,agent-3,5,2,3
-1,0,agent-2,agent-3,6,3,2
-3,0,agent-2,agent-3,7,5,2
-3,0,agent-2,agent-3,8,5,2
3,0,agent-2,agent-3,9,2,5
-2,0,agent-2,agent-3,10,4,2
-1,0,agent-2,agent-3,11,3,2
-1,0,agent-2,agent-3,12,3,2
-3,0,agent-2,agent-3,13,5,2
-1,0,agent-2,agent-3,14,3,2
-1,0,agent-2,agent-3,15,3,2
-1,0,agent-2,agent-3,16,3,2
-1,0,agent-2,agent-3,17,3,2
-1,0,agent-2,agent-3,18,3,2
-1,0,agent-2,agent-3,19,3,2
-1,0,agent-2,agent-3,20,3,2
-1,0,agent-2,agent-3,21,3,2
-1,0,agent-2,agent-3,22,3,2
-1,0,agent-2,agent-3,23,3,2
-1,0,agent-2,agent-3,24,3,2
1,0,agent-2,agent-3,25,2,3
-1,0,agent-2,agent-3,26,3,2
-2,0,agent-2,agent-3,27,4,2
-1,0,agent-2,agent-3,28,3,2
-1,0,agent-2,agent-3,29,3,2
-1,0,agent-2,agent-3,30,3,2
1,0,agent-2,agent-3,31,2,3
-2,0,agent-2,agent-3,32,4,2
-1,0,agent-2,agent-3,33,3,2
-1,0,agent-2,agent-3,34,3,2
-1,0,agent-2,agent-3,35,3,2
-1,0,agent-2,agent-3,36,3,2
1,0,agent-2,agent-3,37,2,3
-1,0,agent-2,agent-3,38,3,2
-1,0,agent-2,agent-3,39,3,2
-1,0,agent-2,agent-3,40,3,2
-1,0,agent-2,agent-3,41,3,2
-1,0,agent-2,agent-3,42,3,2
-1,0,agent-2,agent-3,43,3,2
-1,0,agent-2,agent-3,44,3,2
-1,0,agent-2,agent-3,45,3,2
1,0,agent-2,agent-3,46,2,3
1,0,agent-2,agent-3,47,2,3
-1,0,agent-2,agent-3,48,3,2
-1,0,agent-2,agent-3,49,3,2
-2,0,agent-2,agent-4,1,5,3
3,0,agent-2,agent-4,2,2,5
-2,0,agent-2,agent-4,3,4,2
-2,0,agent-2,agent-4,4,4,2
3,0,agent-2,agent-4,5,2,5
1,0,agent-2,agent-4,6,3,4
-2,0,agent-2,agent-4,7,5,3
-2,0,agent-2,agent-4,8,5,3
2,0,agent-2,agent-4,9,2,4
1,0,agent-2,agent-4,10,4,5
2,0,agent-2,agent-4,11,3,5
2,0,agent-2,agent-4,12,3,5
-2,0,agent-2,agent-4,13,5,3
2,0,agent-2,agent-4,14,3,5
1,0,agent-2,agent-4,15,3,4
2,0,agent-2,agent-4,16,3,5
2,0,agent-2,agent-4,17,3,5
2,0,agent-2,agent-4,18,3,5
2,0,agent-2,agent-4,19,3,5
2,0,agent-2,agent-4,20,3,5
1,0,agent-2,agent-4,21,3,4
1,0,agent-2,agent-4,22,3,4
1,0,agent-2,agent-4,23,3,4
2,0,agent-2,agent-4,24,3,5
3,0,agent-2,agent-4,25,2,5
1,0,agent-2,agent-4,26,3,4
-1,0,agent-2,agent-4,27,4,3
1,0,agent-2,agent-4,28,3,4
1,0,agent-2,agent-4,29,3,4
1,0,agent-2,agent-4,30,3,4
2,0,agent-2,agent-4,31,2,4
-1,0,agent-2,agent-4,32,4,3
1,0,agent-2,agent-4,33,3,4
1,0,agent-2,agent-4,34,3,4
1,0,agent-2,agent-4,35,3,4
1,0,agent-2,agent-4,36,3,4
2,0,agent-2,agent-4,37,2,4
1,0,agent-2,agent-4,38,3,4
1,0,agent-2,agent-4,39,3,4
2,0,agent-2,agent-4,40,3,5
2,0,agent-2,agent-4,41,3,5
2,0,agent-2,agent-4,42,3,5
1,0,agent-2,agent-4,43,3,4
1,0,agent-2,agent-4,44,3,4
1,0,agent-2,agent-4,45,3,4
2,0,agent-2,agent-4,46,2,4
2,0,agent-2,agent-4,47,2,4
1,0,agent-2,agent-4,48,3,4
2,0,agent-2,agent-4,49,3,5
-2,0,agent-3,agent-0,1,4,2
-2,0,agent-3,agent-0,2,3,1
-4,0,agent-3,agent-0,3,5,1
-2,0,agent-3,agent-0,4,3,1
-2,0,agent-3,agent-0,5,3,1
-1,0,agent-3,agent-0,6,2,1
-1,0,agent-3,agent-0,7,2,1
-1,0,agent-3,agent-0,8,2,1
-4,0,agent-3,agent-0,9,5,1
-1,0,agent-3,agent-0,10,2,1
-1,0,agent-3,agent-0,11,2,1
-1,0,agent-3,agent-0,12,2,1
-1,0,agent-3,agent-0,13,2,1
-1,0,agent-3,agent-0,14,2,1
-1,0,agent-3,agent-0,15,2,1
-1,0,agent-3,agent-0,16,2,1
-1,0,agent-3,agent-0,17,2,1
-1,0,agent-3,agent-0,18,2,1
-1,0,agent-3,agent-0,19,2,1
-1,0,agent-3,agent-0,20,2,1
-1,0,agent-3,agent-0,21,2,1
-1,0,agent-3,agent-0,22,2,1
-1,0,agent-3,agent-0,23,2,1
-1,0,agent-3,agent-0,24,2,1
-2,0,agent-3,agent-0,25,3,1
-1,0,agent-3,agent-0,26,2,1
-1,0,agent-3,agent-0,27,2,1
-1,0,agent-3,agent-0,28,2,1
-1,0,agent-3,agent-0,29,2,1
-1,0,agent-3,agent-0,30,2,1
-2,0,agent-3,agent-0,31,3,1
-1,0,agent-3,agent-0,32,2,1
-1,0,agent-3,agent-0,33,2,1
-1,0,agent-3,agent-0,34,2,1
-1,0,agent-3,agent-0,35,2,1
-1,0,agent-3,agent-0,36,2,1
-2,0,agent-3,agent-0,37,3,1
-1,0,agent-3,agent-0,38,2,1
-1,0,agent-3,agent-0,39,2,1
-1,0,agent-3,agent-0,40,2,1
-1,0,agent-3,agent-0,41,2,1
-1,0,agent-3,agent-0,42,2,1
-1,0,agent-3,agent-0,43,2,1
-1,0,agent-3,agent-0,44,2,1
-1,0,agent-3,agent-0,45,2,1
-2,0,agent-3,agent-0,46,3,1
-2,0,agent-3,agent-0,47,3,1
-1,0,agent-3,agent-0,48,2,1
-1,0,agent-3,agent-0,49,2,1
-3,0,agent-3,agent-1,1,4,1
1,0,agent-3,agent-1,2,3,4
-2,0,agent-3,agent-1,3,5,3
2,0,agent-3,agent-1,4,3,5
1,0,agent-3,agent-1,5,3,4
3,0,agent-3,agent-1,6,2,5
2,0,agent-3,agent-1,7,2,4
2,0,agent-3,agent-1,8,2,4
-2,0,agent-3,agent-1,9,5,3
1,0,agent-3,agent-1,10,2,3
2,0,agent-3,agent-1,11,2,4
2,0,agent-3,agent-1,12,2,4
2,0,agent-3,agent-1,13,2,4
2,0,agent-3,agent-1,14,2,4
3,0,agent-3,agent-1,15,2,5
2,0,agent-3,agent-1,16,2,4
2,0,agent-3,agent-1,17,2,4
2,0,agent-3,agent-1,18,2,4
2,0,agent-3,agent-1,19,2,4
2,0,agent-3,agent-1,20,2,4
3,0,agent-3,agent-1,21,2,5
3,0,agent-3,agent-1,22,2,5
3,0,agent-3,agent-1,23,2,5
2,0,agent-3,agent-1,24,2,4
1,0,agent-3,agent-1,25,3,4
3,0,agent-3,agent-1,26,2,5
3,0,agent-3,agent-1,27,2,5
3,0,agent-3,agent-1,28,2,5
3,0,agent-3,agent-1,29,2,5
3,0,agent-3,agent-1,30,2,5
2,0,agent-3,agent-1,31,3,5
3,0,agent-3,agent-1,32,2,5
3,0,agent-3,agent-1,33,2,5
3,0,agent-3,agent-1,34,2,5
3,0,agent-3,agent-1,35,2,5
3,0,agent-3,agent-1,36,2,5
2,0,agent-3,agent-1,37,3,5
3,0,agent-3,agent-1,38,2,5
3,0,agent-3,agent-1,39,2,5
2,0,agent-3,agent-1,40,2,4
2,0,agent-3,agent-1,41,2,4
2,0,agent-3,agent-1,42,2,4
3,0,agent-3,agent-1,43,2,5
3,0,agent-3,agent-1,44,2,5
3,0,agent-3,agent-1,45,2,5
2,0,agent-3,agent-1,46,3,5
2,0,agent-3,agent-1,47,3,5
3,0,agent-3,agent-1,48,2,5
2,0,agent-3,agent-1,49,2,4
1,0,agent-3,agent-2,1,4,5
-1,0,agent-3,agent-2,2,3,2
-1,0,agent-3,agent-2,3,5,4
1,0,agent-3,agent-2,4,3,4
-1,0,agent-3,agent-2,5,3,2
1,0,agent-3,agent-2,6,2,3
3,0,agent-3,agent-2,7,2,5
3,0,agent-3,agent-2,8,2,5
-3,0,agent-3,agent-2,9,5,2
2,0,agent-3,agent-2,10,2,4
1,0,agent-3,agent-2,11,2,3
1,0,agent-3,agent-2,12,2,3
3,0,agent-3,agent-2,13,2,5
1,0,agent-3,agent-2,14,2,3
1,0,agent-3,agent-2,15,2,3
1,0,agent-3,agent-2,16,2,3
1,0,agent-3,agent-2,17,2,3
1,0,agent-3,agent-2,18,2,3
1,0,agent-3,agent-2,19,2,3
1,0,agent-3,agent-2,20,2,3
1,0,agent-3,agent-2,21,2,3
1,0,agent-3,agent-2,22,2,3
1,0,agent-3,agent-2,23,2,3
1,0,agent-3,agent-2,24,2,3
-1,0,agent-3,agent-2,25,3,2
1,0,agent-3,agent-2,26,2,3
2,0,agent-3,agent-2,27,2,4
1,0,agent-3,agent-2,28,2,3
1,0,agent-3,agent-2,29,2,3
1,0,agent-3,agent-2,30,2,3
-1,0,agent-3,agent-2,31,3,2
2,0,agent-3,agent-2,32,2,4
1,0,agent-3,agent-2,33,2,3
1,0,agent-3,agent-2,34,2,3
1,0,agent-3,agent-2,35,2,3
1,0,agent-3,agent-2,36,2,3
-1,0,agent-3,agent-2,37,3,2
1,0,agent-3,agent-2,38,2,3
1,0,agent-3,agent-2,39,2,3
1,0,agent-3,agent-2,40,2,3
1,0,agent-3,agent-2,41,2,3
1,0,agent-3,agent-2,42,2,3
1,0,agent-3,agent-2,43,2,3
1,0,agent-3,agent-2,44,2,3
1,0,agent-3,agent-2,45,2,3
-1,0,agent-3,agent-2,46,3,2
-1,0,agent-3,agent-2,47,3,2
1,0,agent-3,agent-2,48,2,3
1,0,agent-3,agent-2,49,2,3
-1,0,agent-3,agent-4,1,4,3
2,0,agent-3,agent-4,2,3,5
-3,0,agent-3,agent-4,3,5,2
-1,0,agent-3,agent-4,4,3,2
2,0,agent-3,agent-4,5,3,5
2,0,agent-3,agent-4,6,2,4
1,0,agent-3,agent-4,7,2,3
1,0,agent-3,agent-4,8,2,3
-1,0,agent-3,agent-4,9,5,4
3,0,agent-3,agent-4,10,2,5
3,0,agent-3,agent-4,11,2,5
3,0,agent-3,agent-4,12,2,5
1,0,agent-3,agent-4,13,2,3
3,0,agent-3,agent-4,14,2,5
2,0,agent-3,agent-4,15,2,4
3,0,agent-3,agent-4,16,2,5
3,0,agent-3,agent-4,17,2,5
3,0,agent-3,agent-4,18,2,5
3,0,agent-3,agent-4,19,2,5
3,0,agent-3,agent-4,20,2,5
2,0,agent-3,agent-4,21,2,4
2,0,agent-3,agent-4,22,2,4
2,0,agent-3,agent-4,23,2,4
3,0,agent-3,agent-4,24,2,5
2,0,agent-3,agent-4,25,3,5
2,0,agent-3,agent-4,26,2,4
1,0,agent-3,agent-4,27,2,3
2,0,agent-3,agent-4,28,2,4
2,0,agent-3,agent-4,29,2,4
2,0,agent-3,agent-4,30,2,4
1,0,agent-3,agent-4,31,3,4
1,0,agent-3,agent-4,32,2,3
2,0,agent-3,agent-4,33,2,4
2,0,agent-3,agent-4,34,2,4
2,0,agent-3,agent-4,35,2,4
2,0,agent-3,agent-4,36,2,4
1,0,agent-3,agent-4,37,3,4
2,0,agent-3,agent-4,38,2,4
2,0,agent-3,agent-4,39,2,4
3,0,agent-3,agent-4,40,2,5
3,0,agent-3,agent-4,41,2,5
3,0,agent-3,agent-4,42,2,5
2,0,agent-3,agent-4,43,2,4
2,0,agent-3,agent-4,44,2,4
2,0,agent-3,agent-4,45,2,4
1,0,agent-3,agent-4,46,3,4
1,0,agent-3,agent-4,47,3,4
2,0,agent-3,agent-4,48,2,4
3,0,agent-3,agent-4,49,2,5
-1,0,agent-4,agent-0,1,3,2
-4,0,agent-4,agent-0,2,5,1
-1,0,agent-4,agent-0,3,2,1
-1,0,agent-4,agent-0,4,2,1
-4,0,agent-4,agent-0,5,5,1
-3,0,agent-4,agent-0,6,4,1
-2,0,agent-4,agent-0,7,3,1
-2,0,agent-4,agent-0,8,3,1
-3,0,agent-4,agent-0,9,4,1
-4,0,agent-4,agent-0,10,5,1
-4,0,agent-4,agent-0,11,5,1
-4,0,agent-4,agent-0,12,5,1
-2,0,agent-4,agent-0,13,3,1
-4,0,agent-4,agent-0,14,5,1
-3,0,agent-4,agent-0,15,4,1
-4,0,agent-4,agent-0,16,5,1
-4,0,agent-4,agent-0,17,5,1
-4,0,agent-4,agent-0,18,5,1
-4,0,agent-4,agent-0,19,5,1
-4,0,agent-4,agent-0,20,5,1
-3,0,agent-4,agent-0,21,4,1
-3,0,agent-4,agent-0,22,4,1
-3,0,agent-4,agent-0,23,4,1
-4,0,agent-4,agent-0,24,5,1
-4,0,agent-4,agent-0,25,5,1
-3,0,agent-4,agent-0,26,4,1
-2,0,agent-4,agent-0,27,3,1
-3,0,agent-4,agent-0,28,4,1
-3,0,agent-4,agent-0,29,4,1
-3,0,agent-4,agent-0,30,4,1
-3,0,agent-4,agent-0,31,4,1
-2,0,agent-4,agent-0,32,3,1
-3,0,agent-4,agent-0,33,4,1
-3,0,agent-4,agent-0,34,4,1
-3,0,agent-4,agent-0,35,4,1
-3,0,agent-4,agent-0,36,4,1
-3,0,agent-4,agent-0,37,4,1
-3,0,agent-4,agent-0,38,4,1
-3,0,agent-4,agent-0,39,4,1
-4,0,agent-4,agent-0,40,5,1
-4,0,agent-4,agent-0,41,5,1
-4,0,agent-4,agent-0,42,5,1
-3,0,agent-4,agent-0,43,4,1
-3,0,agent-4,agent-0,44,4,1
-3,0,agent-4,agent-0,45,4,1
-3,0,agent-4,agent-0,46,4,1
-3,0,agent-4,agent-0,47,4,1
-3,0,agent-4,agent-0,48,4,1
-4,0,agent-4,agent-0,49,5,1
-2,0,agent-4,agent-1,1,3,1
-1,0,agent-4,agent-1,2,5,4
1,0,agent-4,agent-1,3,2,3
3,0,agent-4,agent-1,4,2,5
-1,0,agent-4,agent-1,5,5,4
1,0,agent-4,agent-1,6,4,5
1,0,agent-4,agent-1,7,3,4
1,0,agent-4,agent-1,8,3,4
-1,0,agent-4,agent-1,9,4,3
-2,0,agent-4,agent-1,10,5,3
-1,0,agent-4,agent-1,11,5,4
-1,0,agent-4,agent-1,12,5,4
1,0,agent-4,agent-1,13,3,4
-1,0,agent-4,agent-1,14,5,4
1,0,agent-4,agent-1,15,4,5
-1,0,agent-4,agent-1,16,5,4
-1,0,agent-4,agent-1,17,5,4
-1,0,agent-4,agent-1,18,5,4
-1,0,agent-4,agent-1,19,5,4
-1,0,agent-4,agent-1,20,5,4
1,0,agent-4,agent-1,21,4,5
1,0,agent-4,agent-1,22,4,5
1,0,agent-4,agent-1,23,4,5
-1,0,agent-4,agent-1,24,5,4
-1,0,agent-4,agent-1,25,5,4
1,0,agent-4,agent-1,26,4,5
2,0,agent-4,agent-1,27,3,5
1,0,agent-4,agent-1,28,4,5
1,0,agent-4,agent-1,29,4,5
1,0,agent-4,agent-1,30,4,5
1,0,agent-4,agent-1,31,4,5
2,0,agent-4,agent-1,32,3,5
1,0,agent-4,agent-1,33,4,5
1,0,agent-4,agent-1,34,4,5
1,0,agent-4,agent-1,35,4,5
1,0,agent-4,agent-1,36,4,5
1,0,agent-4,agent-1,37,4,5
1,0,agent-4,agent-1,38,4,5
1,0,agent-4,agent-1,39,4,5
-1,0,agent-4,agent-1,40,5,4
-1,0,agent-4,agent-1,41,5,4
-1,0,agent-4,agent-1,42,5,4
1,0,agent-4,agent-1,43,4,5
1,0,agent-4,agent-1,44,4,5
1,0,agent-4,agent-1,45,4,5
1,0,agent-4,agent-1,46,4,5
1,0,agent-4,agent-1,47,4,5
1,0,agent-4,agent-1,48,4,5
-1,0,agent-4,agent-1,49,5,4
2,0,agent-4,agent-2,1,3,5
-3,0,agent-4,agent-2,2,5,2
2,0,agent-4,agent-2,3,2,4
2,0,agent-4,agent-2,4,2,4
-3,0,agent-4,agent-2,5,5,2
-1,0,agent-4,agent-2,6,4,3
2,0,agent-4,agent-2,7,3,5
2,0,agent-4,agent-2,8,3,5
-2,0,agent-4,agent-2,9,4,2
-1,0,agent-4,agent-2,10,5,4
-2,0,agent-4,agent-2,11,5,3
-2,0,agent-4,agent-2,12,5,3
2,0,agent-4,agent-2,13,3,5
-2,0,agent-4,agent-2,14,5,3
-1,0,agent-4,agent-2,15,4,3
-2,0,agent-4,agent-2,16,5,3
-2,0,agent-4,agent-2,17,5,3
-2,0,agent-4,agent-2,18,5,3
-2,0,agent-4,agent-2,19,5,3
-2,0,agent-4,agent-2,20,5,3
-1,0,agent-4,agent-2,21,4,3
-1,0,agent-4,agent-2,22,4,3
-1,0,agent-4,agent-2,23,4,3
-2,0,agent-4,agent-2,24,5,3
-3,0,agent-4,agent-2,25,5,2
-1,0,agent-4,agent-2,26,4,3
1,0,agent-4,agent-2,27,3,4
-1,0,agent-4,agent-2,28,4,3
-1,0,agent-4,agent-2,29,4,3
-1,0,agent-4,agent-2,30,4,3
-2,0,agent-4,agent-2,31,4,2
1,0,agent-4,agent-2,32,3,4
-1,0,agent-4,agent-2,33,4,3
-1,0,agent-4,agent-2,34,4,3
-1,0,agent-4,agent-2,35,4,3
-1,0,agent-4,agent-2,36,4,3
-2,0,agent-4,agent-2,37,4,2
-1,0,agent-4,agent-2,38,4,3
-1,0,agent-4,agent-2,39,4,3
-2,0,agent-4,agent-2,40,5,3
-2,0,agent-4,agent-2,41,5,3
-2,0,agent-4,agent-2,42,5,3
-1,0,agent-4,agent-2,43,4,3
-1,0,agent-4,agent-2,44,4,3
-1,0,agent-4,agent-2,45,4,3
-2,0,agent-4,agent-2,46,4,2
-2,0,agent-4,agent-2,47,4,2
-1,0,agent-4,agent-2,48,4,3
-2,0,agent-4,agent-2,49,5,3
1,0,agent-4,agent-3,1,3,4
-2,0,agent-4,agent-3,2,5,3
3,0,agent-4,agent-3,3,2,5
1,0,agent-4,agent-3,4,2,3
-2,0,agent-4,agent-3,5,5,3
-2,0,agent-4,agent-3,6,4,2
-1,0,agent-4,agent-3,7,3,2
-1,0,agent-4,agent-3,8,3,2
1,0,agent-4,agent-3,9,4,5
-3,0,agent-4,agent-3,10,5,2
-3,0,agent-4,agent-3,11,5,2
-3,0,agent-4,agent-3,12,5,2
-1,0,agent-4,agent-3,13,3,2
-3,0,agent-4,agent-3,14,5,2
-2,0,agent-4,agent-3,15,4,2
-3,0,agent-4,agent-3,16,5,2
-3,0,agent-4,agent-3,17,5,2
-3,0,agent-4,agent-3,18,5,2
-3,0,agent-4,agent-3,19,5,2
-3,0,agent-4,agent-3,20,5,2
-2,0,agent-4,agent-3,21,4,2
-2,0,agent-4,agent-3,22,4,2
-2,0,agent-4,agent-3,23,4,2
-3,0,agent-4,agent-3,24,5,2
-2,0,agent-4,agent-3,25,5,3
-2,0,agent-4,agent-3,26,4,2
-1,0,agent-4,agent-3,27,3,2
-2,0,agent-4,agent-3,28,4,2
-2,0,agent-4,agent-3,29,4,2
-2,0,agent-4,agent-3,30,4,2
-1,0,agent-4,agent-3,31,4,3
-1,0,agent-4,agent-3,32,3,2
-2,0,agent-4,agent-3,33,4,2
-2,0,agent-4,agent-3,34,4,2
-2,0,agent-4,agent-3,35,4,2
-2,0,agent-4,agent-3,36,4,2
-1,0,agent-4,agent-3,37,4,3
-2,0,agent-4,agent-3,38,4,2
-2,0,agent-4,agent-3,39,4,2
-3,0,agent-4,agent-3,40,5,2
-3,0,agent-4,agent-3,41,5,2
-3,0,agent-4,agent-3,42,5,2
-2,0,agent-4,agent-3,43,4,2
-2,0,agent-4,agent-3,44,4,2
-2,0,agent-4,agent-3,45,4,2
-1,0,agent-4,agent-3,46,4,3
-1,0,agent-4,agent-3,47,4,3
-2,0,agent-4,agent-3,48,4,2
-3,0,agent-4,agent-3,49,5,2
